BusinessEntityID,Title,FirstName,MiddleName,LastName,Suffix,JobTitle,Department,GroupName,StartDate
25,"","James","R","Hamilton","","Vice President of Production","Production","Manufacturing",2009-02-03 00:00:00.000
27,"","Jo","A","Brown","","Production Supervisor - WC60","Production","Manufacturing",2008-02-27 00:00:00.000
28,"","Guy","R","Gilbert","","Production Technician - WC60","Production","Manufacturing",2006-06-30 00:00:00.000
29,"","Mark","K","McArthur","","Production Technician - WC60","Production","Manufacturing",2009-01-23 00:00:00.000
30,"","Britta","L","Simon","","Production Technician - WC60","Production","Manufacturing",2009-01-29 00:00:00.000
31,"","Margie","W","Shoop","","Production Technician - WC60","Production","Manufacturing",2009-01-04 00:00:00.000
32,"","Rebecca","A","Laszlo","","Production Technician - WC60","Production","Manufacturing",2008-12-29 00:00:00.000
33,"","Annik","O","Stahl","","Production Technician - WC60","Production","Manufacturing",2008-12-17 00:00:00.000
34,"","Suchitra","O","Mohan","","Production Technician - WC60","Production","Manufacturing",2009-02-16 00:00:00.000
35,"","Brandon","G","Heidepriem","","Production Technician - WC60","Production","Manufacturing",2009-02-08 00:00:00.000
36,"","Jose","R","Lugo","","Production Technician - WC60","Production","Manufacturing",2009-02-10 00:00:00.000
37,"","Chris","O","Okelberry","","Production Technician - WC60","Production","Manufacturing",2009-03-07 00:00:00.000
38,"","Kim","B","Abercrombie","","Production Technician - WC60","Production","Manufacturing",2010-01-16 00:00:00.000
39,"","Ed","R","Dudenhoefer","","Production Technician - WC60","Production","Manufacturing",2010-02-05 00:00:00.000
40,"","JoLynn","M","Dobney","","Production Supervisor - WC60","Production","Manufacturing",2007-12-26 00:00:00.000
41,"","Bryan","","Baker","","Production Technician - WC60","Production","Manufacturing",2009-01-21 00:00:00.000
42,"","James","D","Kramer","","Production Technician - WC60","Production","Manufacturing",2008-12-27 00:00:00.000
43,"","Nancy","A","Anderson","","Production Technician - WC60","Production","Manufacturing",2009-01-02 00:00:00.000
44,"","Simon","D","Rapier","","Production Technician - WC60","Production","Manufacturing",2008-12-08 00:00:00.000
45,"","Thomas","R","Michaels","","Production Technician - WC60","Production","Manufacturing",2009-02-26 00:00:00.000
46,"","Eugene","O","Kogan","","Production Technician - WC60","Production","Manufacturing",2009-02-08 00:00:00.000
47,"","Andrew","R","Hill","","Production Supervisor - WC10","Production","Manufacturing",2009-02-22 00:00:00.000
48,"","Ruth","Ann","Ellerbrock","","Production Technician - WC10","Production","Manufacturing",2008-01-06 00:00:00.000
49,"","Barry","K","Johnson","","Production Technician - WC10","Production","Manufacturing",2008-01-07 00:00:00.000
50,"","Sidney","M","Higa","","Production Technician - WC10","Production","Manufacturing",2008-02-02 00:00:00.000
51,"","Jeffrey","L","Ford","","Production Technician - WC10","Production","Manufacturing",2008-02-20 00:00:00.000
52,"","Doris","M","Hartwig","","Production Technician - WC10","Production","Manufacturing",2008-03-10 00:00:00.000
53,"","Diane","R","Glimp","","Production Technician - WC10","Production","Manufacturing",2008-03-28 00:00:00.000
54,"","Bonnie","N","Kearney","","Production Technician - WC10","Production","Manufacturing",2010-01-01 00:00:00.000
55,"","Taylor","R","Maxwell","","Production Supervisor - WC50","Production","Manufacturing",2008-02-08 00:00:00.000
56,"","Denise","H","Smith","","Production Technician - WC50","Production","Manufacturing",2009-02-05 00:00:00.000
57,"","Frank","T","Miller","","Production Technician - WC50","Production","Manufacturing",2009-02-23 00:00:00.000
58,"","Kendall","C","Keil","","Production Technician - WC50","Production","Manufacturing",2008-12-05 00:00:00.000
59,"","Bob","N","Hohman","","Production Technician - WC50","Production","Manufacturing",2008-12-24 00:00:00.000
60,"","Pete","C","Male","","Production Technician - WC50","Production","Manufacturing",2009-01-11 00:00:00.000
61,"","Diane","H","Tibbott","","Production Technician - WC50","Production","Manufacturing",2009-01-18 00:00:00.000
62,"","John","T","Campbell","","Production Supervisor - WC60","Production","Manufacturing",2008-03-17 00:00:00.000
63,"","Maciej","W","Dusza","","Production Technician - WC60","Production","Manufacturing",2010-01-29 00:00:00.000
64,"","Michael","J","Zwilling","","Production Technician - WC60","Production","Manufacturing",2010-02-23 00:00:00.000
65,"","Randy","T","Reeves","","Production Technician - WC60","Production","Manufacturing",2010-02-23 00:00:00.000
66,"","Karan","R","Khanna","","Production Technician - WC60","Production","Manufacturing",2009-12-22 00:00:00.000
67,"","Jay","G","Adams","","Production Technician - WC60","Production","Manufacturing",2009-03-05 00:00:00.000
68,"","Charles","B","Fitzgerald","","Production Technician - WC60","Production","Manufacturing",2009-12-03 00:00:00.000
69,"","Steve","F","Masters","","Production Technician - WC60","Production","Manufacturing",2009-02-15 00:00:00.000
70,"","David","J","Ortiz","","Production Technician - WC60","Production","Manufacturing",2008-12-15 00:00:00.000
71,"","Michael","Sean","Ray","","Production Supervisor - WC30","Production","Manufacturing",2009-02-15 00:00:00.000
72,"","Steven","T","Selikoff","","Production Technician - WC30","Production","Manufacturing",2008-12-01 00:00:00.000
73,"","Carole","M","Poland","","Production Technician - WC30","Production","Manufacturing",2008-12-19 00:00:00.000
74,"","Bjorn","M","Rettig","","Production Technician - WC30","Production","Manufacturing",2009-01-07 00:00:00.000
75,"","Michiko","F","Osada","","Production Technician - WC30","Production","Manufacturing",2009-01-26 00:00:00.000
76,"","Carol","M","Philips","","Production Technician - WC30","Production","Manufacturing",2009-02-12 00:00:00.000
77,"","Merav","A","Netz","","Production Technician - WC30","Production","Manufacturing",2009-03-03 00:00:00.000
78,"","Reuben","H","D'sa","","Production Supervisor - WC40","Production","Manufacturing",2008-12-15 00:00:00.000
79,"","Eric","L","Brown","","Production Technician - WC40","Production","Manufacturing",2010-01-24 00:00:00.000
80,"","Sandeep","P","Kaliyath","","Production Technician - WC40","Production","Manufacturing",2010-01-17 00:00:00.000
81,"","Mihail","U","Frintu","","Production Technician - WC40","Production","Manufacturing",2009-12-29 00:00:00.000
82,"","Jack","T","Creasey","","Production Technician - WC40","Production","Manufacturing",2010-03-03 00:00:00.000
83,"","Patrick","M","Cook","","Production Technician - WC40","Production","Manufacturing",2010-02-12 00:00:00.000
84,"","Frank","R","Martinez","","Production Technician - WC40","Production","Manufacturing",2010-02-05 00:00:00.000
85,"","Brian","Richard","Goldstein","","Production Technician - WC40","Production","Manufacturing",2009-12-11 00:00:00.000
86,"","Ryan","L","Cornelsen","","Production Technician - WC40","Production","Manufacturing",2009-01-05 00:00:00.000
87,"","Cristian","K","Petculescu","","Production Supervisor - WC10","Production","Manufacturing",2008-12-22 00:00:00.000
88,"","Betsy","A","Stadick","","Production Technician - WC10","Production","Manufacturing",2009-12-18 00:00:00.000
89,"","Patrick","C","Wedge","","Production Technician - WC10","Production","Manufacturing",2010-02-01 00:00:00.000
90,"","Danielle","C","Tiedt","","Production Technician - WC10","Production","Manufacturing",2010-02-20 00:00:00.000
91,"","Kimberly","B","Zimmerman","","Production Technician - WC10","Production","Manufacturing",2010-01-12 00:00:00.000
92,"","Tom","M","Vande Velde","","Production Technician - WC10","Production","Manufacturing",2010-03-10 00:00:00.000
93,"","Kok-Ho","T","Loh","","Production Supervisor - WC50","Production","Manufacturing",2008-12-27 00:00:00.000
94,"","Russell","","Hunter","","Production Technician - WC50","Production","Manufacturing",2008-12-12 00:00:00.000
95,"","Jim","H","Scardelis","","Production Technician - WC50","Production","Manufacturing",2008-12-19 00:00:00.000
96,"","Elizabeth","I","Keyser","","Production Technician - WC50","Production","Manufacturing",2009-03-02 00:00:00.000
97,"","Mandar","H","Samant","","Production Technician - WC50","Production","Manufacturing",2009-02-10 00:00:00.000
98,"","Sameer","A","Tejani","","Production Technician - WC50","Production","Manufacturing",2009-02-11 00:00:00.000
99,"","Nuan","","Yu","","Production Technician - WC50","Production","Manufacturing",2009-01-06 00:00:00.000
100,"","Lolan","B","Song","","Production Technician - WC50","Production","Manufacturing",2009-01-12 00:00:00.000
101,"","Houman","N","Pournasseh","","Production Technician - WC50","Production","Manufacturing",2009-01-25 00:00:00.000
102,"","Zheng","W","Mu","","Production Supervisor - WC10","Production","Manufacturing",2008-12-03 00:00:00.000
103,"","Ebru","N","Ersan","","Production Technician - WC10","Production","Manufacturing",2009-12-06 00:00:00.000
104,"","Mary","R","Baker","","Production Technician - WC10","Production","Manufacturing",2009-12-25 00:00:00.000
105,"","Kevin","M","Homer","","Production Technician - WC10","Production","Manufacturing",2009-12-25 00:00:00.000
106,"","John","T","Kane","","Production Technician - WC10","Production","Manufacturing",2010-02-27 00:00:00.000
107,"","Christopher","E","Hill","","Production Technician - WC10","Production","Manufacturing",2010-02-08 00:00:00.000
108,"","Jinghao","K","Liu","","Production Supervisor - WC50","Production","Manufacturing",2008-12-08 00:00:00.000
109,"","Alice","O","Ciccu","","Production Technician - WC50","Production","Manufacturing",2008-12-07 00:00:00.000
110,"","Jun","T","Cao","","Production Technician - WC50","Production","Manufacturing",2008-12-14 00:00:00.000
111,"","Suroor","R","Fatima","","Production Technician - WC50","Production","Manufacturing",2008-12-17 00:00:00.000
112,"","John","P","Evans","","Production Technician - WC50","Production","Manufacturing",2009-01-01 00:00:00.000
113,"","Linda","K","Moschell","","Production Technician - WC50","Production","Manufacturing",2008-12-25 00:00:00.000
114,"","Mindaugas","J","Krapauskas","","Production Technician - WC50","Production","Manufacturing",2009-01-13 00:00:00.000
115,"","Angela","W","Barbariol","","Production Technician - WC50","Production","Manufacturing",2009-01-20 00:00:00.000
116,"","Michael","W","Patten","","Production Technician - WC50","Production","Manufacturing",2009-01-31 00:00:00.000
117,"","Chad","W","Niswonger","","Production Technician - WC50","Production","Manufacturing",2009-02-18 00:00:00.000
118,"","Don","L","Hall","","Production Technician - WC50","Production","Manufacturing",2009-02-13 00:00:00.000
119,"","Michael","T","Entin","","Production Technician - WC50","Production","Manufacturing",2009-02-25 00:00:00.000
120,"","Kitti","H","Lertpiriyasuwat","","Production Technician - WC50","Production","Manufacturing",2009-03-04 00:00:00.000
127,"","David","P","Hamilton","","Production Supervisor - WC40","Production","Manufacturing",2009-01-03 00:00:00.000
128,"","Paul","B","Komosinski","","Production Technician - WC40","Production","Manufacturing",2008-12-04 00:00:00.000
129,"","Gary","W","Yukish","","Production Technician - WC40","Production","Manufacturing",2008-12-22 00:00:00.000
130,"","Rob","T","Caron","","Production Technician - WC40","Production","Manufacturing",2009-02-13 00:00:00.000
131,"","Baris","F","Cetinok","","Production Technician - WC40","Production","Manufacturing",2009-02-15 00:00:00.000
132,"","Nicole","B","Holliday","","Production Technician - WC40","Production","Manufacturing",2009-02-22 00:00:00.000
133,"","Michael","L","Rothkugel","","Production Technician - WC40","Production","Manufacturing",2009-01-10 00:00:00.000
134,"","Eric","","Gubbels","","Production Supervisor - WC20","Production","Manufacturing",2009-01-14 00:00:00.000
135,"","Ivo","William","Salmre","","Production Technician - WC20","Production","Manufacturing",2008-12-04 00:00:00.000
136,"","Sylvester","A","Valdez","","Production Technician - WC20","Production","Manufacturing",2009-12-11 00:00:00.000
137,"","Anibal","T","Sousa","","Production Technician - WC20","Production","Manufacturing",2009-02-23 00:00:00.000
138,"","Samantha","H","Smith","","Production Technician - WC20","Production","Manufacturing",2009-02-04 00:00:00.000
140,"","Prasanna","E","Samarawickrama","","Production Technician - WC20","Production","Manufacturing",2010-01-22 00:00:00.000
141,"","Min","G","Su","","Production Technician - WC20","Production","Manufacturing",2010-01-24 00:00:00.000
142,"","Olinda","C","Turner","","Production Technician - WC20","Production","Manufacturing",2010-03-04 00:00:00.000
143,"","Krishna","","Sunkammurali","","Production Technician - WC20","Production","Manufacturing",2010-02-13 00:00:00.000
144,"","Paul","R","Singh","","Production Technician - WC20","Production","Manufacturing",2009-01-17 00:00:00.000
145,"","Cynthia","S","Randall","","Production Supervisor - WC30","Production","Manufacturing",2009-01-27 00:00:00.000
146,"","Jian Shuo","","Wang","","Production Technician - WC30","Production","Manufacturing",2008-12-07 00:00:00.000
147,"","Sandra","","Reátegui Alayo","","Production Technician - WC30","Production","Manufacturing",2008-12-26 00:00:00.000
148,"","Jason","M","Watters","","Production Technician - WC30","Production","Manufacturing",2009-01-14 00:00:00.000
149,"","Andy","M","Ruth","","Production Technician - WC30","Production","Manufacturing",2009-01-31 00:00:00.000
150,"","Michael","T","Vanderhyde","","Production Technician - WC30","Production","Manufacturing",2009-02-26 00:00:00.000
151,"","Rostislav","E","Shabalin","","Production Technician - WC30","Production","Manufacturing",2009-02-19 00:00:00.000
152,"","Yuhong","L","Li","","Production Supervisor - WC20","Production","Manufacturing",2009-02-01 00:00:00.000
153,"","Hanying","P","Feng","","Production Technician - WC20","Production","Manufacturing",2008-12-16 00:00:00.000
154,"","Raymond","K","Sam","","Production Technician - WC20","Production","Manufacturing",2008-12-23 00:00:00.000
155,"","Fadi","K","Fakhouri","","Production Technician - WC20","Production","Manufacturing",2009-01-04 00:00:00.000
156,"","Lane","M","Sacksteder","","Production Technician - WC20","Production","Manufacturing",2009-01-11 00:00:00.000
157,"","Linda","A","Randall","","Production Technician - WC20","Production","Manufacturing",2009-02-03 00:00:00.000
158,"","Shelley","N","Dyck","","Production Technician - WC20","Production","Manufacturing",2009-03-07 00:00:00.000
159,"","Terrence","W","Earls","","Production Technician - WC20","Production","Manufacturing",2009-02-16 00:00:00.000
160,"","Jeff","V","Hay","","Production Supervisor - WC45","Production","Manufacturing",2009-01-21 00:00:00.000
161,"","Kirk","J","Koenigsbauer","","Production Technician - WC45","Production","Manufacturing",2008-12-15 00:00:00.000
162,"","Laura","C","Steele","","Production Technician - WC45","Production","Manufacturing",2009-01-03 00:00:00.000
163,"","Alex","M","Nayberg","","Production Technician - WC45","Production","Manufacturing",2009-02-08 00:00:00.000
164,"","Andrew","M","Cencini","","Production Technician - WC45","Production","Manufacturing",2009-03-06 00:00:00.000
165,"","Chris","T","Preston","","Production Technician - WC45","Production","Manufacturing",2009-01-22 00:00:00.000
166,"","Jack","S","Richins","","Production Supervisor - WC30","Production","Manufacturing",2009-02-21 00:00:00.000
167,"","David","N","Johnson","","Production Technician - WC30","Production","Manufacturing",2008-12-02 00:00:00.000
168,"","Garrett","R","Young","","Production Technician - WC30","Production","Manufacturing",2008-12-07 00:00:00.000
169,"","Susan","A","Metters","","Production Technician - WC30","Production","Manufacturing",2008-12-14 00:00:00.000
170,"","George","Z","Li","","Production Technician - WC30","Production","Manufacturing",2008-12-21 00:00:00.000
171,"","David","A","Yalovsky","","Production Technician - WC30","Production","Manufacturing",2009-01-02 00:00:00.000
172,"","Marc","J","Ingle","","Production Technician - WC30","Production","Manufacturing",2009-01-16 00:00:00.000
173,"","Eugene","R","Zabokritski","","Production Technician - WC30","Production","Manufacturing",2009-01-21 00:00:00.000
174,"","Benjamin","R","Martin","","Production Technician - WC30","Production","Manufacturing",2009-01-27 00:00:00.000
175,"","Reed","T","Koch","","Production Technician - WC30","Production","Manufacturing",2009-02-02 00:00:00.000
176,"","David","Oliver","Lawrence","","Production Technician - WC30","Production","Manufacturing",2009-02-14 00:00:00.000
177,"","Russell","M","King","","Production Technician - WC30","Production","Manufacturing",2009-02-21 00:00:00.000
178,"","John","N","Frum","","Production Technician - WC30","Production","Manufacturing",2009-03-03 00:00:00.000
179,"","Jan","S","Miksovsky","","Production Technician - WC30","Production","Manufacturing",2009-03-05 00:00:00.000
180,"","Katie","L","McAskill-White","","Production Supervisor - WC20","Production","Manufacturing",2009-02-20 00:00:00.000
181,"","Michael","T","Hines","","Production Technician - WC20","Production","Manufacturing",2008-12-09 00:00:00.000
182,"","Nitin","S","Mirchandani","","Production Technician - WC20","Production","Manufacturing",2008-12-28 00:00:00.000
183,"","Barbara","S","Decker","","Production Technician - WC20","Production","Manufacturing",2009-01-22 00:00:00.000
184,"","John","Y","Chen","","Production Technician - WC20","Production","Manufacturing",2009-02-09 00:00:00.000
185,"","Stefen","A","Hesse","","Production Technician - WC20","Production","Manufacturing",2009-02-28 00:00:00.000
186,"","Shane","S","Kim","","Production Supervisor - WC45","Production","Manufacturing",2009-02-08 00:00:00.000
187,"","Yvonne","S","McKay","","Production Technician - WC45","Production","Manufacturing",2008-12-09 00:00:00.000
188,"","Douglas","B","Hite","","Production Technician - WC45","Production","Manufacturing",2008-12-27 00:00:00.000
189,"","Janeth","M","Esteves","","Production Technician - WC45","Production","Manufacturing",2009-01-15 00:00:00.000
190,"","Robert","J","Rounthwaite","","Production Technician - WC45","Production","Manufacturing",2009-02-02 00:00:00.000
191,"","Lionel","C","Penuchot","","Production Technician - WC45","Production","Manufacturing",2009-02-26 00:00:00.000
192,"","Brenda","M","Diaz","","Production Supervisor - WC40","Production","Manufacturing",2009-03-05 00:00:00.000
193,"","Alejandro","E","McGuel","","Production Technician - WC40","Production","Manufacturing",2008-12-06 00:00:00.000
194,"","Fred","T","Northup","","Production Technician - WC40","Production","Manufacturing",2008-12-12 00:00:00.000
195,"","Kevin","H","Liu","","Production Technician - WC40","Production","Manufacturing",2008-12-17 00:00:00.000
196,"","Shammi","G","Mohamed","","Production Technician - WC40","Production","Manufacturing",2008-12-24 00:00:00.000
197,"","Rajesh","M","Patel","","Production Technician - WC40","Production","Manufacturing",2008-12-31 00:00:00.000
198,"","Lorraine","O","Nay","","Production Technician - WC40","Production","Manufacturing",2009-01-04 00:00:00.000
199,"","Paula","R","Nartker","","Production Technician - WC40","Production","Manufacturing",2009-01-12 00:00:00.000
200,"","Frank","T","Lee","","Production Technician - WC40","Production","Manufacturing",2009-01-17 00:00:00.000
201,"","Brian","T","Lloyd","","Production Technician - WC40","Production","Manufacturing",2009-01-29 00:00:00.000
202,"","Tawana","G","Nusbaum","","Production Technician - WC40","Production","Manufacturing",2009-02-05 00:00:00.000
203,"","Ken","L","Myer","","Production Technician - WC40","Production","Manufacturing",2009-02-24 00:00:00.000
204,"","Gabe","B","Mares","","Production Technician - WC40","Production","Manufacturing",2009-03-08 00:00:00.000
205,"","Lori","A","Kane","","Production Supervisor - WC45","Production","Manufacturing",2009-02-26 00:00:00.000
206,"","Stuart","V","Munson","","Production Technician - WC45","Production","Manufacturing",2008-12-02 00:00:00.000
207,"","Greg","F","Alderson","","Production Technician - WC45","Production","Manufacturing",2008-12-02 00:00:00.000
208,"","Scott","R","Gode","","Production Technician - WC45","Production","Manufacturing",2009-01-08 00:00:00.000
209,"","Kathie","E","Flood","","Production Technician - WC45","Production","Manufacturing",2009-01-27 00:00:00.000
210,"","Belinda","M","Newman","","Production Technician - WC45","Production","Manufacturing",2009-02-20 00:00:00.000
139,"Mr.","Hung-Fu","T","Ting","","Production Technician - WC20","Production","Manufacturing",2010-01-06 00:00:00.000
5,"Ms.","Gail","A","Erickson","","Design Engineer","Engineering","Research and Development",2008-01-06 00:00:00.000
6,"Mr.","Jossef","H","Goldberg","","Design Engineer","Engineering","Research and Development",2008-01-24 00:00:00.000
13,"Ms.","Janice","M","Galvin","","Tool Designer","Tool Design","Research and Development",2010-12-23 00:00:00.000
24,"Ms.","Jill","A","Williams","","Marketing Specialist","Marketing","Sales and Marketing",2009-01-18 00:00:00.000
273,"Mr.","Brian","S","Welcker","","Vice President of Sales","Sales","Sales and Marketing",2011-02-15 00:00:00.000
284,"Mr.","Tete","A","Mensa-Annan","","Sales Representative","Sales","Sales and Marketing",2012-09-30 00:00:00.000
285,"Mr.","Syed","E","Abbas","","Pacific Sales Manager","Sales","Sales and Marketing",2013-03-14 00:00:00.000
1,"","Ken","J","Sánchez","","Chief Executive Officer","Executive","Executive General and Administration",2009-01-14 00:00:00.000
2,"","Terri","Lee","Duffy","","Vice President of Engineering","Engineering","Research and Development",2008-01-31 00:00:00.000
3,"","Roberto","","Tamburello","","Engineering Manager","Engineering","Research and Development",2007-11-11 00:00:00.000
4,"","Rob","","Walters","","Senior Tool Designer","Tool Design","Research and Development",2010-05-31 00:00:00.000
7,"","Dylan","A","Miller","","Research and Development Manager","Research and Development","Research and Development",2009-02-08 00:00:00.000
8,"","Diane","L","Margheim","","Research and Development Engineer","Research and Development","Research and Development",2008-12-29 00:00:00.000
9,"","Gigi","N","Matthew","","Research and Development Engineer","Research and Development","Research and Development",2009-01-16 00:00:00.000
10,"","Michael","","Raheem","","Research and Development Manager","Research and Development","Research and Development",2009-05-03 00:00:00.000
11,"","Ovidiu","V","Cracium","","Senior Tool Designer","Tool Design","Research and Development",2010-12-05 00:00:00.000
12,"","Thierry","B","D'Hers","","Tool Designer","Tool Design","Research and Development",2007-12-11 00:00:00.000
14,"","Michael","I","Sullivan","","Senior Design Engineer","Engineering","Research and Development",2010-12-30 00:00:00.000
15,"","Sharon","B","Salavaria","","Design Engineer","Engineering","Research and Development",2011-01-18 00:00:00.000
16,"","David","M","Bradley","","Marketing Manager","Marketing","Sales and Marketing",2009-07-15 00:00:00.000
17,"","Kevin","F","Brown","","Marketing Assistant","Marketing","Sales and Marketing",2007-01-26 00:00:00.000
18,"","John","L","Wood","","Marketing Specialist","Marketing","Sales and Marketing",2011-02-07 00:00:00.000
19,"","Mary","A","Dempsey","","Marketing Assistant","Marketing","Sales and Marketing",2011-02-14 00:00:00.000
20,"","Wanida","M","Benshoof","","Marketing Assistant","Marketing","Sales and Marketing",2011-01-07 00:00:00.000
21,"","Terry","J","Eminhizer","","Marketing Specialist","Marketing","Sales and Marketing",2009-03-02 00:00:00.000
22,"","Sariya","E","Harnpadoungsataya","","Marketing Specialist","Marketing","Sales and Marketing",2008-12-12 00:00:00.000
23,"","Mary","E","Gibson","","Marketing Specialist","Marketing","Sales and Marketing",2009-01-12 00:00:00.000
26,"","Peter","J","Krebs","","Production Control Manager","Production Control","Manufacturing",2008-12-01 00:00:00.000
121,"","Pilar","G","Ackerman","","Shipping and Receiving Supervisor","Shipping and Receiving","Inventory Management",2009-01-02 00:00:00.000
122,"","Susan","W","Eaton","","Stocker","Shipping and Receiving","Inventory Management",2008-12-07 00:00:00.000
123,"","Vamsi","N","Kuppa","","Shipping and Receiving Clerk","Shipping and Receiving","Inventory Management",2008-12-07 00:00:00.000
124,"","Kim","T","Ralls","","Stocker","Shipping and Receiving","Inventory Management",2008-12-26 00:00:00.000
125,"","Matthias","T","Berndt","","Shipping and Receiving Clerk","Shipping and Receiving","Inventory Management",2009-01-20 00:00:00.000
126,"","Jimmy","T","Bischoff","","Stocker","Shipping and Receiving","Inventory Management",2009-02-26 00:00:00.000
211,"","Hazem","E","Abolrous","","Quality Assurance Manager","Quality Assurance","Quality Assurance",2009-02-28 00:00:00.000
212,"","Peng","J","Wu","","Quality Assurance Supervisor","Quality Assurance","Quality Assurance",2008-12-09 00:00:00.000
213,"","Sootha","T","Charncherngkha","","Quality Assurance Technician","Quality Assurance","Quality Assurance",2010-02-23 00:00:00.000
214,"","Andreas","T","Berglund","","Quality Assurance Technician","Quality Assurance","Quality Assurance",2009-02-02 00:00:00.000
215,"","Mark","L","Harrington","","Quality Assurance Technician","Quality Assurance","Quality Assurance",2009-01-15 00:00:00.000
216,"","Sean","P","Alexander","","Quality Assurance Technician","Quality Assurance","Quality Assurance",2008-12-28 00:00:00.000
217,"","Zainal","T","Arifin","","Document Control Manager","Document Control","Quality Assurance",2009-01-04 00:00:00.000
218,"","Tengiz","N","Kharatishvili","","Control Specialist","Document Control","Quality Assurance",2008-12-16 00:00:00.000
219,"","Sean","N","Chai","","Document Control Assistant","Document Control","Quality Assurance",2009-01-22 00:00:00.000
220,"","Karen","R","Berge","","Document Control Assistant","Document Control","Quality Assurance",2009-02-09 00:00:00.000
221,"","Chris","K","Norred","","Control Specialist","Document Control","Quality Assurance",2009-03-06 00:00:00.000
222,"","A. Scott","","Wright","","Master Scheduler","Production Control","Manufacturing",2008-12-12 00:00:00.000
223,"","Sairaj","L","Uddin","","Scheduling Assistant","Production Control","Manufacturing",2009-01-26 00:00:00.000
224,"","William","S","Vong","","Scheduling Assistant","Production Control","Manufacturing",2011-09-01 00:00:00.000
225,"","Alan","J","Brewer","","Scheduling Assistant","Production Control","Manufacturing",2009-02-13 00:00:00.000
226,"","Brian","P","LaMee","","Scheduling Assistant","Production Control","Manufacturing",2009-03-03 00:00:00.000
228,"","Christian","E","Kleinerman","","Maintenance Supervisor","Facilities and Maintenance","Executive General and Administration",2008-12-14 00:00:00.000
229,"","Lori","K","Penor","","Janitor","Facilities and Maintenance","Executive General and Administration",2010-02-16 00:00:00.000
230,"","Stuart","J","Macrae","","Janitor","Facilities and Maintenance","Executive General and Administration",2010-03-05 00:00:00.000
231,"","Jo","L","Berry","","Janitor","Facilities and Maintenance","Executive General and Administration",2010-03-07 00:00:00.000
232,"","Pat","H","Coleman","","Janitor","Facilities and Maintenance","Executive General and Administration",2010-01-27 00:00:00.000
233,"","Magnus","E","Hedlund","","Facilities Administrative Assistant","Facilities and Maintenance","Executive General and Administration",2009-12-21 00:00:00.000
234,"","Laura","F","Norman","","Chief Financial Officer","Executive","Executive General and Administration",2013-11-14 00:00:00.000
235,"","Paula","M","Barreto de Mattos","","Human Resources Manager","Human Resources","Executive General and Administration",2008-12-06 00:00:00.000
236,"","Grant","N","Culbertson","","Human Resources Administrative Assistant","Human Resources","Executive General and Administration",2009-02-25 00:00:00.000
237,"","Hao","O","Chen","","Human Resources Administrative Assistant","Human Resources","Executive General and Administration",2009-02-06 00:00:00.000
238,"","Vidur","X","Luthra","","Recruiter","Human Resources","Executive General and Administration",2009-01-01 00:00:00.000
239,"","Mindy","C","Martin","","Benefits Specialist","Human Resources","Executive General and Administration",2008-12-25 00:00:00.000
240,"","Willis","T","Johnson","","Recruiter","Human Resources","Executive General and Administration",2008-12-13 00:00:00.000
241,"","David","J","Liu","","Accounts Manager","Finance","Executive General and Administration",2009-01-30 00:00:00.000
242,"","Deborah","E","Poe","","Accounts Receivable Specialist","Finance","Executive General and Administration",2008-12-18 00:00:00.000
243,"","Candy","L","Spoon","","Accounts Receivable Specialist","Finance","Executive General and Administration",2009-01-06 00:00:00.000
244,"","Bryan","A","Walton","","Accounts Receivable Specialist","Finance","Executive General and Administration",2009-01-24 00:00:00.000
245,"","Barbara","C","Moreland","","Accountant","Finance","Executive General and Administration",2009-02-18 00:00:00.000
246,"","Dragan","K","Tomic","","Accounts Payable Specialist","Finance","Executive General and Administration",2009-02-11 00:00:00.000
247,"","Janet","L","Sheperdigian","","Accounts Payable Specialist","Finance","Executive General and Administration",2009-03-01 00:00:00.000
248,"","Mike","K","Seamans","","Accountant","Finance","Executive General and Administration",2009-03-08 00:00:00.000
249,"","Wendy","Beth","Kahn","","Finance Manager","Finance","Executive General and Administration",2008-12-25 00:00:00.000
250,"","Sheela","H","Word","","Purchasing Manager","Purchasing","Inventory Management",2012-07-15 00:00:00.000
251,"","Mikael","Q","Sandberg","","Buyer","Purchasing","Inventory Management",2009-02-10 00:00:00.000
252,"","Arvind","B","Rao","","Buyer","Purchasing","Inventory Management",2009-02-28 00:00:00.000
253,"","Linda","P","Meisner","","Buyer","Purchasing","Inventory Management",2009-12-17 00:00:00.000
254,"","Fukiko","J","Ogisu","","Buyer","Purchasing","Inventory Management",2010-01-04 00:00:00.000
255,"","Gordon","L","Hee","","Buyer","Purchasing","Inventory Management",2010-01-11 00:00:00.000
256,"","Frank","S","Pellow","","Buyer","Purchasing","Inventory Management",2010-01-23 00:00:00.000
257,"","Eric","S","Kurjan","","Buyer","Purchasing","Inventory Management",2010-01-27 00:00:00.000
258,"","Erin","M","Hagens","","Buyer","Purchasing","Inventory Management",2010-01-31 00:00:00.000
259,"","Ben","T","Miller","","Buyer","Purchasing","Inventory Management",2010-03-09 00:00:00.000
260,"","Annette","L","Hill","","Purchasing Assistant","Purchasing","Inventory Management",2010-12-06 00:00:00.000
261,"","Reinout","N","Hillmann","","Purchasing Assistant","Purchasing","Inventory Management",2010-12-25 00:00:00.000
262,"","David","M","Barber","","Assistant to the Chief Financial Officer","Finance","Executive General and Administration",2009-01-12 00:00:00.000
263,"","Jean","E","Trenary","","Information Services Manager","Information Services","Executive General and Administration",2008-12-11 00:00:00.000
264,"","Stephanie","A","Conroy","","Network Manager","Information Services","Executive General and Administration",2009-02-04 00:00:00.000
265,"","Ashvini","R","Sharma","","Network Administrator","Information Services","Executive General and Administration",2008-12-04 00:00:00.000
266,"","Peter","I","Connelly","","Network Administrator","Information Services","Executive General and Administration",2009-02-23 00:00:00.000
267,"","Karen","A","Berg","","Application Specialist","Information Services","Executive General and Administration",2009-02-16 00:00:00.000
268,"","Ramesh","V","Meyyappan","","Application Specialist","Information Services","Executive General and Administration",2009-02-03 00:00:00.000
270,"","François","P","Ajenstat","","Database Administrator","Information Services","Executive General and Administration",2009-01-17 00:00:00.000
271,"","Dan","B","Wilson","","Database Administrator","Information Services","Executive General and Administration",2009-01-22 00:00:00.000
272,"","Janaina","Barreiro Gambaro","Bueno","","Application Specialist","Information Services","Executive General and Administration",2008-12-23 00:00:00.000
274,"","Stephen","Y","Jiang","","North American Sales Manager","Sales","Sales and Marketing",2011-01-04 00:00:00.000
275,"","Michael","G","Blythe","","Sales Representative","Sales","Sales and Marketing",2011-05-31 00:00:00.000
276,"","Linda","C","Mitchell","","Sales Representative","Sales","Sales and Marketing",2011-05-31 00:00:00.000
277,"","Jillian","","Carson","","Sales Representative","Sales","Sales and Marketing",2011-05-31 00:00:00.000
278,"","Garrett","R","Vargas","","Sales Representative","Sales","Sales and Marketing",2011-05-31 00:00:00.000
279,"","Tsvi","Michael","Reiter","","Sales Representative","Sales","Sales and Marketing",2011-05-31 00:00:00.000
280,"","Pamela","O","Ansman-Wolfe","","Sales Representative","Sales","Sales and Marketing",2011-05-31 00:00:00.000
281,"","Shu","K","Ito","","Sales Representative","Sales","Sales and Marketing",2011-05-31 00:00:00.000
282,"","José","Edvaldo","Saraiva","","Sales Representative","Sales","Sales and Marketing",2011-05-31 00:00:00.000
283,"","David","R","Campbell","","Sales Representative","Sales","Sales and Marketing",2011-05-31 00:00:00.000
286,"","Lynn","N","Tsoflias","","Sales Representative","Sales","Sales and Marketing",2013-05-30 00:00:00.000
287,"","Amy","E","Alberts","","European Sales Manager","Sales","Sales and Marketing",2012-04-16 00:00:00.000
288,"","Rachel","B","Valdez","","Sales Representative","Sales","Sales and Marketing",2013-05-30 00:00:00.000
289,"","Jae","B","Pak","","Sales Representative","Sales","Sales and Marketing",2012-05-30 00:00:00.000
290,"","Ranjit","R","Varkey Chudukatil","","Sales Representative","Sales","Sales and Marketing",2012-05-30 00:00:00.000
227,"","Gary","E.","Altman","III","Facilities Manager","Facilities and Maintenance","Executive General and Administration",2009-12-02 00:00:00.000
269,"","Dan","K","Bacon","Jr.","Application Specialist","Information Services","Executive General and Administration",2009-01-11 00:00:00.000
